"Benefits Of Itin","https://itin-blog-pages.vercel.app/benefits-of-itin/"
"Best Banks For Itin Holders","https://itin-blog-pages.vercel.app/best-banks-for-itin-holders/"
"Best Credit Cards For Itin","https://itin-blog-pages.vercel.app/best-credit-cards-for-itin/"
"Best Payment Processors For Itin","https://itin-blog-pages.vercel.app/best-payment-processors-for-itin/"
"Can I Buy House With Itin","https://itin-blog-pages.vercel.app/can-i-buy-house-with-itin/"
"Can I File Taxes With Itin","https://itin-blog-pages.vercel.app/can-i-file-taxes-with-itin/"
"Can I Get Credit Card With Itin","https://itin-blog-pages.vercel.app/can-i-get-credit-card-with-itin/"
"Can I Get Itin For Dependent","https://itin-blog-pages.vercel.app/can-i-get-itin-for-dependent/"
"Can I Get Itin While On Student Visa","https://itin-blog-pages.vercel.app/can-i-get-itin-while-on-student-visa/"
"Can I Get Itin While On Tourist Visa","https://itin-blog-pages.vercel.app/can-i-get-itin-while-on-tourist-visa/"
"Can I Get Itin Without Ssn","https://itin-blog-pages.vercel.app/can-i-get-itin-without-ssn/"
"Can I Get Itin Without Tax Return","https://itin-blog-pages.vercel.app/can-i-get-itin-without-tax-return/"
"Can I Get Loan With Itin","https://itin-blog-pages.vercel.app/can-i-get-loan-with-itin/"
"Can I Open Bank Account With Itin","https://itin-blog-pages.vercel.app/can-i-open-bank-account-with-itin/"
"Can I Start Business With Itin","https://itin-blog-pages.vercel.app/can-i-start-business-with-itin/"
"Can I Use Itin For Amazon","https://itin-blog-pages.vercel.app/can-i-use-itin-for-amazon/"
"Can I Use Itin For Payoneer","https://itin-blog-pages.vercel.app/can-i-use-itin-for-payoneer/"
"Can I Use Itin For Paypal","https://itin-blog-pages.vercel.app/can-i-use-itin-for-paypal/"
"Can I Use Itin For Stripe","https://itin-blog-pages.vercel.app/can-i-use-itin-for-stripe/"
"Common Itin Mistakes","https://itin-blog-pages.vercel.app/common-itin-mistakes/"
"Complete Itin Master Guide","https://itin-blog-pages.vercel.app/complete-itin-master-guide/"
"How Itin Works","https://itin-blog-pages.vercel.app/how-itin-works/"
"How To Apply For Itin Step By Step","https://itin-blog-pages.vercel.app/how-to-apply-for-itin-step-by-step/"
"How To Avoid Itin Rejection","https://itin-blog-pages.vercel.app/how-to-avoid-itin-rejection/"
"How To Build Credit With Itin","https://itin-blog-pages.vercel.app/how-to-build-credit-with-itin/"
"How To Change Itin To Ssn","https://itin-blog-pages.vercel.app/how-to-change-itin-to-ssn/"
"How To Get Itin Fast","https://itin-blog-pages.vercel.app/how-to-get-itin-fast/"
"How To Get Itin From Australia","https://itin-blog-pages.vercel.app/how-to-get-itin-from-australia/"
"How To Get Itin From Bangladesh","https://itin-blog-pages.vercel.app/how-to-get-itin-from-bangladesh/"
"How To Get Itin From Canada","https://itin-blog-pages.vercel.app/how-to-get-itin-from-canada/"
"How To Get Itin From India","https://itin-blog-pages.vercel.app/how-to-get-itin-from-india/"
"How To Get Itin From Pakistan","https://itin-blog-pages.vercel.app/how-to-get-itin-from-pakistan/"
"How To Get Itin From Uae","https://itin-blog-pages.vercel.app/how-to-get-itin-from-uae/"
"How To Get Itin From Uk","https://itin-blog-pages.vercel.app/how-to-get-itin-from-uk/"
"How To Replace Lost Itin Letter","https://itin-blog-pages.vercel.app/how-to-replace-lost-itin-letter/"
"Itin And 1040nr","https://itin-blog-pages.vercel.app/itin-and-1040nr/"
"Itin And Taxes Explained","https://itin-blog-pages.vercel.app/itin-and-taxes-explained/"
"Itin And Us Tax Obligations","https://itin-blog-pages.vercel.app/itin-and-us-tax-obligations/"
"Itin And Withholding Tax","https://itin-blog-pages.vercel.app/itin-and-withholding-tax/"
"Itin Application Checklist","https://itin-blog-pages.vercel.app/itin-application-checklist/"
"Itin Application Example","https://itin-blog-pages.vercel.app/itin-application-example/"
"Itin Application Rejected","https://itin-blog-pages.vercel.app/itin-application-rejected/"
"Itin Application Service","https://itin-blog-pages.vercel.app/itin-application-service/"
"Itin Approval Rate Analysis","https://itin-blog-pages.vercel.app/itin-approval-rate-analysis/"
"Itin Audit Guide","https://itin-blog-pages.vercel.app/itin-audit-guide/"
"Itin Case Studies","https://itin-blog-pages.vercel.app/itin-case-studies/"
"Itin Case Study","https://itin-blog-pages.vercel.app/itin-case-study/"
"Itin Checklist Pdf","https://itin-blog-pages.vercel.app/itin-checklist-pdf/"
"Itin Consultation Service","https://itin-blog-pages.vercel.app/itin-consultation-service/"
"Itin Correction Service","https://itin-blog-pages.vercel.app/itin-correction-service/"
"Itin Cost Breakdown","https://itin-blog-pages.vercel.app/itin-cost-breakdown/"
"Itin Cost Calculator","https://itin-blog-pages.vercel.app/itin-cost-calculator/"
"Itin Delayed Processing","https://itin-blog-pages.vercel.app/itin-delayed-processing/"
"Itin Document Checklist Tool","https://itin-blog-pages.vercel.app/itin-document-checklist-tool/"
"Itin Document Validator","https://itin-blog-pages.vercel.app/itin-document-validator/"
"Itin Duplicate Issue","https://itin-blog-pages.vercel.app/itin-duplicate-issue/"
"Itin Ein Bundle Service","https://itin-blog-pages.vercel.app/itin-ein-bundle-service/"
"Itin Eligibility Checker","https://itin-blog-pages.vercel.app/itin-eligibility-checker/"
"Itin Emergency Processing","https://itin-blog-pages.vercel.app/itin-emergency-processing/"
"Itin Expedited Processing Service","https://itin-blog-pages.vercel.app/itin-expedited-processing-service/"
"Itin Expiration Checker","https://itin-blog-pages.vercel.app/itin-expiration-checker/"
"Itin Expiration Rules","https://itin-blog-pages.vercel.app/itin-expiration-rules/"
"Itin Expired Issues","https://itin-blog-pages.vercel.app/itin-expired-issues/"
"Itin Faqs","https://itin-blog-pages.vercel.app/itin-faqs/"
"Itin Fast Track","https://itin-blog-pages.vercel.app/itin-fast-track/"
"Itin For Accountants","https://itin-blog-pages.vercel.app/itin-for-accountants/"
"Itin For Affiliate Marketers","https://itin-blog-pages.vercel.app/itin-for-affiliate-marketers/"
"Itin For Ai And Machine Learning Engineers","https://itin-blog-pages.vercel.app/itin-for-ai-and-machine-learning-engineers/"
"Itin For Amazon Kdp Authors","https://itin-blog-pages.vercel.app/itin-for-amazon-kdp-authors/"
"Itin For Amazon Sellers","https://itin-blog-pages.vercel.app/itin-for-amazon-sellers/"
"Itin For App Developers","https://itin-blog-pages.vercel.app/itin-for-app-developers/"
"Itin For Architects","https://itin-blog-pages.vercel.app/itin-for-architects/"
"Itin For Australia Residents","https://itin-blog-pages.vercel.app/itin-for-australia-residents/"
"Itin For B1 B2 Visa","https://itin-blog-pages.vercel.app/itin-for-b1-b2-visa/"
"Itin For Bangladesh Residents","https://itin-blog-pages.vercel.app/itin-for-bangladesh-residents/"
"Itin For Beginners","https://itin-blog-pages.vercel.app/itin-for-beginners/"
"Itin For Blockchain Developers","https://itin-blog-pages.vercel.app/itin-for-blockchain-developers/"
"Itin For Bookkeepers","https://itin-blog-pages.vercel.app/itin-for-bookkeepers/"
"Itin For Business Banking","https://itin-blog-pages.vercel.app/itin-for-business-banking/"
"Itin For C Corp","https://itin-blog-pages.vercel.app/itin-for-c-corp/"
"Itin For Canada Residents","https://itin-blog-pages.vercel.app/itin-for-canada-residents/"
"Itin For Children Under 18","https://itin-blog-pages.vercel.app/itin-for-children-under-18/"
"Itin For Chiropractors","https://itin-blog-pages.vercel.app/itin-for-chiropractors/"
"Itin For Coaches","https://itin-blog-pages.vercel.app/itin-for-coaches/"
"Itin For Consultants","https://itin-blog-pages.vercel.app/itin-for-consultants/"
"Itin For Course Creators","https://itin-blog-pages.vercel.app/itin-for-course-creators/"
"Itin For Credit Card","https://itin-blog-pages.vercel.app/itin-for-credit-card/"
"Itin For Cryptocurrency Traders","https://itin-blog-pages.vercel.app/itin-for-cryptocurrency-traders/"
"Itin For Cybersecurity Experts","https://itin-blog-pages.vercel.app/itin-for-cybersecurity-experts/"
"Itin For Data Analysts","https://itin-blog-pages.vercel.app/itin-for-data-analysts/"
"Itin For Data Scientists","https://itin-blog-pages.vercel.app/itin-for-data-scientists/"
"Itin For Day Traders","https://itin-blog-pages.vercel.app/itin-for-day-traders/"
"Itin For Dentists","https://itin-blog-pages.vercel.app/itin-for-dentists/"
"Itin For Designers","https://itin-blog-pages.vercel.app/itin-for-designers/"
"Itin For Doctors And Nurses","https://itin-blog-pages.vercel.app/itin-for-doctors-and-nurses/"
"Itin For Dropshippers","https://itin-blog-pages.vercel.app/itin-for-dropshippers/"
"Itin For Eb5 Investors","https://itin-blog-pages.vercel.app/itin-for-eb5-investors/"
"Itin For Ebay Sellers","https://itin-blog-pages.vercel.app/itin-for-ebay-sellers/"
"Itin For Ecommerce Businesses","https://itin-blog-pages.vercel.app/itin-for-ecommerce-businesses/"
"Itin For Ecommerce Store Owners","https://itin-blog-pages.vercel.app/itin-for-ecommerce-store-owners/"
"Itin For Engineers","https://itin-blog-pages.vercel.app/itin-for-engineers/"
"Itin For Etsy Sellers","https://itin-blog-pages.vercel.app/itin-for-etsy-sellers/"
"Itin For F1 Visa","https://itin-blog-pages.vercel.app/itin-for-f1-visa/"
"Itin For Fiverr","https://itin-blog-pages.vercel.app/itin-for-fiverr/"
"Itin For Foreign Investors","https://itin-blog-pages.vercel.app/itin-for-foreign-investors/"
"Itin For Freelancers And Contractors","https://itin-blog-pages.vercel.app/itin-for-freelancers-and-contractors/"
"Itin For Freelancers","https://itin-blog-pages.vercel.app/itin-for-freelancers/"
"Itin For Green Card Applicants","https://itin-blog-pages.vercel.app/itin-for-green-card-applicants/"
"Itin For H1b And L1 Visa Holders","https://itin-blog-pages.vercel.app/itin-for-h1b-and-l1-visa-holders/"
"Itin For H1b Dependents","https://itin-blog-pages.vercel.app/itin-for-h1b-dependents/"
"Itin For H4 Visa","https://itin-blog-pages.vercel.app/itin-for-h4-visa/"
"Itin For India Residents","https://itin-blog-pages.vercel.app/itin-for-india-residents/"
"Itin For Instagram And Tiktok Influencers","https://itin-blog-pages.vercel.app/itin-for-instagram-and-tiktok-influencers/"
"Itin For International Students","https://itin-blog-pages.vercel.app/itin-for-international-students/"
"Itin For Investment Accounts","https://itin-blog-pages.vercel.app/itin-for-investment-accounts/"
"Itin For J1 Visa","https://itin-blog-pages.vercel.app/itin-for-j1-visa/"
"Itin For L1 Visa","https://itin-blog-pages.vercel.app/itin-for-l1-visa/"
"Itin For Lawyers","https://itin-blog-pages.vercel.app/itin-for-lawyers/"
"Itin For Llc Owners","https://itin-blog-pages.vercel.app/itin-for-llc-owners/"
"Itin For Loans","https://itin-blog-pages.vercel.app/itin-for-loans/"
"Itin For Mercury Bank","https://itin-blog-pages.vercel.app/itin-for-mercury-bank/"
"Itin For Mortgage","https://itin-blog-pages.vercel.app/itin-for-mortgage/"
"Itin For Musicians And Artists","https://itin-blog-pages.vercel.app/itin-for-musicians-and-artists/"
"Itin For Nft Sellers","https://itin-blog-pages.vercel.app/itin-for-nft-sellers/"
"Itin For Nigeria Residents","https://itin-blog-pages.vercel.app/itin-for-nigeria-residents/"
"Itin For Non Residents","https://itin-blog-pages.vercel.app/itin-for-non-residents/"
"Itin For Non Us Citizens","https://itin-blog-pages.vercel.app/itin-for-non-us-citizens/"
"Itin For Non Us Founders","https://itin-blog-pages.vercel.app/itin-for-non-us-founders/"
"Itin For O1 Visa","https://itin-blog-pages.vercel.app/itin-for-o1-visa/"
"Itin For Online Sellers","https://itin-blog-pages.vercel.app/itin-for-online-sellers/"
"Itin For Onlyfans Creators","https://itin-blog-pages.vercel.app/itin-for-onlyfans-creators/"
"Itin For Opt Students","https://itin-blog-pages.vercel.app/itin-for-opt-students/"
"Itin For Pakistan Residents","https://itin-blog-pages.vercel.app/itin-for-pakistan-residents/"
"Itin For Partnership","https://itin-blog-pages.vercel.app/itin-for-partnership/"
"Itin For Paypal","https://itin-blog-pages.vercel.app/itin-for-paypal/"
"Itin For Pharmacists","https://itin-blog-pages.vercel.app/itin-for-pharmacists/"
"Itin For Philippines Residents","https://itin-blog-pages.vercel.app/itin-for-philippines-residents/"
"Itin For Photographers","https://itin-blog-pages.vercel.app/itin-for-photographers/"
"Itin For Physical Therapists","https://itin-blog-pages.vercel.app/itin-for-physical-therapists/"
"Itin For Podcasters","https://itin-blog-pages.vercel.app/itin-for-podcasters/"
"Itin For Professors And Teachers","https://itin-blog-pages.vercel.app/itin-for-professors-and-teachers/"
"Itin For Psychologists","https://itin-blog-pages.vercel.app/itin-for-psychologists/"
"Itin For Real Estate Investors","https://itin-blog-pages.vercel.app/itin-for-real-estate-investors/"
"Itin For Rental Income","https://itin-blog-pages.vercel.app/itin-for-rental-income/"
"Itin For Rental Property Owners","https://itin-blog-pages.vercel.app/itin-for-rental-property-owners/"
"Itin For Researchers","https://itin-blog-pages.vercel.app/itin-for-researchers/"
"Itin For S Corp","https://itin-blog-pages.vercel.app/itin-for-s-corp/"
"Itin For Saas Founders","https://itin-blog-pages.vercel.app/itin-for-saas-founders/"
"Itin For Scientists","https://itin-blog-pages.vercel.app/itin-for-scientists/"
"Itin For Shopify Sellers","https://itin-blog-pages.vercel.app/itin-for-shopify-sellers/"
"Itin For Shopify Store Owners","https://itin-blog-pages.vercel.app/itin-for-shopify-store-owners/"
"Itin For Single Member Llc","https://itin-blog-pages.vercel.app/itin-for-single-member-llc/"
"Itin For South Africa Residents","https://itin-blog-pages.vercel.app/itin-for-south-africa-residents/"
"Itin For Spouse","https://itin-blog-pages.vercel.app/itin-for-spouse/"
"Itin For Startups","https://itin-blog-pages.vercel.app/itin-for-startups/"
"Itin For Stock Traders","https://itin-blog-pages.vercel.app/itin-for-stock-traders/"
"Itin For Stripe","https://itin-blog-pages.vercel.app/itin-for-stripe/"
"Itin For Tax Preparers","https://itin-blog-pages.vercel.app/itin-for-tax-preparers/"
"Itin For Therapists And Counselors","https://itin-blog-pages.vercel.app/itin-for-therapists-and-counselors/"
"Itin For Tiktok Creators","https://itin-blog-pages.vercel.app/itin-for-tiktok-creators/"
"Itin For Translators","https://itin-blog-pages.vercel.app/itin-for-translators/"
"Itin For Uae Residents","https://itin-blog-pages.vercel.app/itin-for-uae-residents/"
"Itin For Uk Residents","https://itin-blog-pages.vercel.app/itin-for-uk-residents/"
"Itin For Upwork","https://itin-blog-pages.vercel.app/itin-for-upwork/"
"Itin For Us Bank Account","https://itin-blog-pages.vercel.app/itin-for-us-bank-account/"
"Itin For Veterinarians","https://itin-blog-pages.vercel.app/itin-for-veterinarians/"
"Itin For Videographers","https://itin-blog-pages.vercel.app/itin-for-videographers/"
"Itin For Virtual Assistants","https://itin-blog-pages.vercel.app/itin-for-virtual-assistants/"
"Itin For Voice Over Artists","https://itin-blog-pages.vercel.app/itin-for-voice-over-artists/"
"Itin For Walmart Marketplace Sellers","https://itin-blog-pages.vercel.app/itin-for-walmart-marketplace-sellers/"
"Itin For Web Developers","https://itin-blog-pages.vercel.app/itin-for-web-developers/"
"Itin For Wise Account","https://itin-blog-pages.vercel.app/itin-for-wise-account/"
"Itin For Writers And Editors","https://itin-blog-pages.vercel.app/itin-for-writers-and-editors/"
"Itin For Youtube And Content Creators","https://itin-blog-pages.vercel.app/itin-for-youtube-and-content-creators/"
"Itin For Youtubers","https://itin-blog-pages.vercel.app/itin-for-youtubers/"
"Itin Llc Formation Service","https://itin-blog-pages.vercel.app/itin-llc-formation-service/"
"Itin Lost Letter","https://itin-blog-pages.vercel.app/itin-lost-letter/"
"Itin Mistakes Fix","https://itin-blog-pages.vercel.app/itin-mistakes-fix/"
"Itin Myths","https://itin-blog-pages.vercel.app/itin-myths/"
"Itin Name Mismatch","https://itin-blog-pages.vercel.app/itin-name-mismatch/"
"Itin Not Received","https://itin-blog-pages.vercel.app/itin-not-received/"
"Itin Offline Application","https://itin-blog-pages.vercel.app/itin-offline-application/"
"Itin Online Application","https://itin-blog-pages.vercel.app/itin-online-application/"
"Itin Processing Time Calculator","https://itin-blog-pages.vercel.app/itin-processing-time-calculator/"
"Itin Processing Time Explained","https://itin-blog-pages.vercel.app/itin-processing-time-explained/"
"Itin Reactivation Service","https://itin-blog-pages.vercel.app/itin-reactivation-service/"
"Itin Readiness Quiz","https://itin-blog-pages.vercel.app/itin-readiness-quiz/"
"Itin Renewal Checker","https://itin-blog-pages.vercel.app/itin-renewal-checker/"
"Itin Renewal Guide","https://itin-blog-pages.vercel.app/itin-renewal-guide/"
"Itin Renewal Service","https://itin-blog-pages.vercel.app/itin-renewal-service/"
"Itin Replacement Service","https://itin-blog-pages.vercel.app/itin-replacement-service/"
"Itin Required Documents","https://itin-blog-pages.vercel.app/itin-required-documents/"
"Itin Self Application","https://itin-blog-pages.vercel.app/itin-self-application/"
"Itin Status Check Service","https://itin-blog-pages.vercel.app/itin-status-check-service/"
"Itin Status Tracker Tool","https://itin-blog-pages.vercel.app/itin-status-tracker-tool/"
"Itin Status Tracking Guide","https://itin-blog-pages.vercel.app/itin-status-tracking-guide/"
"Itin Tax Filing Error","https://itin-blog-pages.vercel.app/itin-tax-filing-error/"
"Itin Tax Filing Helper","https://itin-blog-pages.vercel.app/itin-tax-filing-helper/"
"Itin Through Caa","https://itin-blog-pages.vercel.app/itin-through-caa/"
"Itin Verification Problems","https://itin-blog-pages.vercel.app/itin-verification-problems/"
"Itin Vs Ein Explained","https://itin-blog-pages.vercel.app/itin-vs-ein-explained/"
"Itin Vs Ein For Amazon","https://itin-blog-pages.vercel.app/itin-vs-ein-for-amazon/"
"Itin Vs Ein For Llc","https://itin-blog-pages.vercel.app/itin-vs-ein-for-llc/"
"Itin Vs Ein For Non Residents","https://itin-blog-pages.vercel.app/itin-vs-ein-for-non-residents/"
"Itin Vs Ein For Stripe","https://itin-blog-pages.vercel.app/itin-vs-ein-for-stripe/"
"Itin Vs Ein Service","https://itin-blog-pages.vercel.app/itin-vs-ein-service/"
"Itin Vs Passport Id","https://itin-blog-pages.vercel.app/itin-vs-passport-id/"
"Itin Vs Ssn Explained","https://itin-blog-pages.vercel.app/itin-vs-ssn-explained/"
"Itin Vs Ssn For Banking","https://itin-blog-pages.vercel.app/itin-vs-ssn-for-banking/"
"Itin Vs Ssn For Credit","https://itin-blog-pages.vercel.app/itin-vs-ssn-for-credit/"
"Itin Vs Ssn Service","https://itin-blog-pages.vercel.app/itin-vs-ssn-service/"
"Itin Vs Tin","https://itin-blog-pages.vercel.app/itin-vs-tin/"
"Itin With Certified Copies","https://itin-blog-pages.vercel.app/itin-with-certified-copies/"
"Itin With Tax Return","https://itin-blog-pages.vercel.app/itin-with-tax-return/"
"Itin Without Passport","https://itin-blog-pages.vercel.app/itin-without-passport/"
"Itin Without Tax Return","https://itin-blog-pages.vercel.app/itin-without-tax-return/"
"W7 Form Explained","https://itin-blog-pages.vercel.app/w7-form-explained/"
"What Is An Itin Number","https://itin-blog-pages.vercel.app/what-is-an-itin-number/"
"Who Needs An Itin","https://itin-blog-pages.vercel.app/who-needs-an-itin/"
"Why Do You Need An Itin","https://itin-blog-pages.vercel.app/why-do-you-need-an-itin/"
